"id","block"
744,"Second"
744,"Second"
744,"Second"
744,"Second"
744,"Second"
744,"Second"
744,"Second"
744,"Second"
744,"Second"
744,"Second"
637,"First"
637,"First"
637,"First"
637,"First"
637,"First"
637,"First"
637,"First"
637,"First"
637,"First"
637,"First"
438,"Second"
438,"Second"
438,"Second"
438,"Second"
438,"Second"
438,"Second"
438,"Second"
438,"Second"
438,"Second"
438,"Second"
821,"First"
821,"First"
821,"First"
821,"First"
821,"First"
821,"First"
821,"First"
821,"First"
821,"First"
821,"First"
239,"Second"
239,"Second"
239,"Second"
239,"Second"
239,"Second"
239,"Second"
239,"Second"
239,"Second"
239,"Second"
239,"Second"
175,"First"
175,"First"
175,"First"
175,"First"
175,"First"
175,"First"
175,"First"
175,"First"
175,"First"
175,"First"
962,"Second"
962,"Second"
962,"Second"
962,"Second"
962,"Second"
962,"Second"
962,"Second"
962,"Second"
962,"Second"
962,"Second"
831,"First"
831,"First"
831,"First"
831,"First"
831,"First"
831,"First"
831,"First"
831,"First"
831,"First"
831,"First"
161,"Second"
161,"Second"
161,"Second"
161,"Second"
161,"Second"
161,"Second"
161,"Second"
161,"Second"
161,"Second"
161,"Second"
164,"Second"
164,"Second"
164,"Second"
164,"Second"
164,"Second"
164,"Second"
164,"Second"
164,"Second"
164,"Second"
164,"Second"
996,"First"
996,"First"
996,"First"
996,"First"
996,"First"
996,"First"
996,"First"
996,"First"
996,"First"
996,"First"
173,"Second"
173,"Second"
173,"Second"
173,"Second"
173,"Second"
173,"Second"
173,"Second"
173,"Second"
173,"Second"
173,"Second"
214,"First"
214,"First"
214,"First"
214,"First"
214,"First"
214,"First"
214,"First"
214,"First"
214,"First"
214,"First"
298,"Second"
298,"Second"
298,"Second"
298,"Second"
298,"Second"
298,"Second"
298,"Second"
298,"Second"
298,"Second"
298,"Second"
55,"First"
55,"First"
55,"First"
55,"First"
55,"First"
55,"First"
55,"First"
55,"First"
55,"First"
55,"First"
494,"Second"
494,"Second"
494,"Second"
494,"Second"
494,"Second"
494,"Second"
494,"Second"
494,"Second"
494,"Second"
494,"Second"
989,"First"
989,"First"
989,"First"
989,"First"
989,"First"
989,"First"
989,"First"
989,"First"
989,"First"
989,"First"
217,"Second"
217,"Second"
217,"Second"
217,"Second"
217,"Second"
217,"Second"
217,"Second"
217,"Second"
217,"Second"
217,"Second"
362,"First"
362,"First"
362,"First"
362,"First"
362,"First"
362,"First"
362,"First"
362,"First"
362,"First"
362,"First"
876,"Second"
876,"Second"
876,"Second"
876,"Second"
876,"Second"
876,"Second"
876,"Second"
876,"Second"
876,"Second"
876,"Second"
912,"First"
912,"First"
912,"First"
912,"First"
912,"First"
912,"First"
912,"First"
912,"First"
912,"First"
912,"First"
176,"Second"
176,"Second"
176,"Second"
176,"Second"
176,"Second"
176,"Second"
176,"Second"
176,"Second"
176,"Second"
176,"Second"
53,"First"
53,"First"
53,"First"
53,"First"
53,"First"
53,"First"
53,"First"
53,"First"
53,"First"
53,"First"
259,"Second"
259,"Second"
259,"Second"
259,"Second"
259,"Second"
259,"Second"
259,"Second"
259,"Second"
259,"Second"
259,"Second"
692,"First"
692,"First"
692,"First"
692,"First"
692,"First"
692,"First"
692,"First"
692,"First"
692,"First"
692,"First"
103,"Second"
103,"Second"
103,"Second"
103,"Second"
103,"Second"
103,"Second"
103,"Second"
103,"Second"
103,"Second"
103,"Second"
281,"First"
281,"First"
281,"First"
281,"First"
281,"First"
281,"First"
281,"First"
281,"First"
281,"First"
281,"First"
90,"Second"
90,"Second"
90,"Second"
90,"Second"
90,"Second"
90,"Second"
90,"Second"
90,"Second"
90,"Second"
90,"Second"
509,"First"
509,"First"
509,"First"
509,"First"
509,"First"
509,"First"
509,"First"
509,"First"
509,"First"
509,"First"
535,"Second"
535,"Second"
535,"Second"
535,"Second"
535,"Second"
535,"Second"
535,"Second"
535,"Second"
535,"Second"
535,"Second"
867,"First"
867,"First"
867,"First"
867,"First"
867,"First"
867,"First"
867,"First"
867,"First"
867,"First"
867,"First"
84,"Second"
84,"Second"
84,"Second"
84,"Second"
84,"Second"
84,"Second"
84,"Second"
84,"Second"
84,"Second"
84,"Second"
765,"First"
765,"First"
765,"First"
765,"First"
765,"First"
765,"First"
765,"First"
765,"First"
765,"First"
765,"First"
557,"Second"
557,"Second"
557,"Second"
557,"Second"
557,"Second"
557,"Second"
557,"Second"
557,"Second"
557,"Second"
557,"Second"
606,"First"
606,"First"
606,"First"
606,"First"
606,"First"
606,"First"
606,"First"
606,"First"
606,"First"
606,"First"
235,"Second"
235,"Second"
235,"Second"
235,"Second"
235,"Second"
235,"Second"
235,"Second"
235,"Second"
235,"Second"
235,"Second"
992,"First"
992,"First"
992,"First"
992,"First"
992,"First"
992,"First"
992,"First"
992,"First"
992,"First"
992,"First"
43,"Second"
43,"Second"
43,"Second"
43,"Second"
43,"Second"
43,"Second"
43,"Second"
43,"Second"
43,"Second"
43,"Second"
726,"First"
726,"First"
726,"First"
726,"First"
726,"First"
726,"First"
726,"First"
726,"First"
726,"First"
726,"First"
909,"Second"
909,"Second"
909,"Second"
909,"Second"
909,"Second"
909,"Second"
909,"Second"
909,"Second"
909,"Second"
909,"Second"
675,"First"
675,"First"
675,"First"
675,"First"
675,"First"
675,"First"
675,"First"
675,"First"
675,"First"
675,"First"
59,"Second"
59,"Second"
59,"Second"
59,"Second"
59,"Second"
59,"Second"
59,"Second"
59,"Second"
59,"Second"
59,"Second"
889,"First"
889,"First"
889,"First"
889,"First"
889,"First"
889,"First"
889,"First"
889,"First"
889,"First"
889,"First"
553,"Second"
553,"Second"
553,"Second"
553,"Second"
553,"Second"
553,"Second"
553,"Second"
553,"Second"
553,"Second"
553,"Second"
586,"First"
586,"First"
586,"First"
586,"First"
586,"First"
586,"First"
586,"First"
586,"First"
586,"First"
586,"First"
264,"Second"
264,"Second"
264,"Second"
264,"Second"
264,"Second"
264,"Second"
264,"Second"
264,"Second"
264,"Second"
264,"Second"
862,"First"
862,"First"
862,"First"
862,"First"
862,"First"
862,"First"
862,"First"
862,"First"
862,"First"
862,"First"
732,"Second"
732,"Second"
732,"Second"
732,"Second"
732,"Second"
732,"Second"
732,"Second"
732,"Second"
732,"Second"
732,"Second"
226,"First"
226,"First"
226,"First"
226,"First"
226,"First"
226,"First"
226,"First"
226,"First"
226,"First"
226,"First"
723,"Second"
723,"Second"
723,"Second"
723,"Second"
723,"Second"
723,"Second"
723,"Second"
723,"Second"
723,"Second"
723,"Second"
108,"First"
108,"First"
108,"First"
108,"First"
108,"First"
108,"First"
108,"First"
108,"First"
108,"First"
108,"First"
809,"Second"
809,"Second"
809,"Second"
809,"Second"
809,"Second"
809,"Second"
809,"Second"
809,"Second"
809,"Second"
809,"Second"
988,"First"
988,"First"
988,"First"
988,"First"
988,"First"
988,"First"
988,"First"
988,"First"
988,"First"
988,"First"
525,"Second"
525,"Second"
525,"Second"
525,"Second"
525,"Second"
525,"Second"
525,"Second"
525,"Second"
525,"Second"
525,"Second"
249,"First"
249,"First"
249,"First"
249,"First"
249,"First"
249,"First"
249,"First"
249,"First"
249,"First"
249,"First"
143,"Second"
143,"Second"
143,"Second"
143,"Second"
143,"Second"
143,"Second"
143,"Second"
143,"Second"
143,"Second"
143,"Second"
23,"First"
23,"First"
23,"First"
23,"First"
23,"First"
23,"First"
23,"First"
23,"First"
23,"First"
23,"First"
545,"Second"
545,"Second"
545,"Second"
545,"Second"
545,"Second"
545,"Second"
545,"Second"
545,"Second"
545,"Second"
545,"Second"
803,"First"
803,"First"
803,"First"
803,"First"
803,"First"
803,"First"
803,"First"
803,"First"
803,"First"
803,"First"
256,"Second"
256,"Second"
256,"Second"
256,"Second"
256,"Second"
256,"Second"
256,"Second"
256,"Second"
256,"Second"
256,"Second"
900,"First"
900,"First"
900,"First"
900,"First"
900,"First"
900,"First"
900,"First"
900,"First"
900,"First"
900,"First"
921,"Second"
921,"Second"
921,"Second"
921,"Second"
921,"Second"
921,"Second"
921,"Second"
921,"Second"
921,"Second"
921,"Second"
370,"First"
370,"First"
370,"First"
370,"First"
370,"First"
370,"First"
370,"First"
370,"First"
370,"First"
370,"First"
60,"Second"
60,"Second"
60,"Second"
60,"Second"
60,"Second"
60,"Second"
60,"Second"
60,"Second"
60,"Second"
60,"Second"
70,"First"
70,"First"
70,"First"
70,"First"
70,"First"
70,"First"
70,"First"
70,"First"
70,"First"
70,"First"
98,"Second"
98,"Second"
98,"Second"
98,"Second"
98,"Second"
98,"Second"
98,"Second"
98,"Second"
98,"Second"
98,"Second"
636,"First"
636,"First"
636,"First"
636,"First"
636,"First"
636,"First"
636,"First"
636,"First"
636,"First"
636,"First"
194,"Second"
194,"Second"
194,"Second"
194,"Second"
194,"Second"
194,"Second"
194,"Second"
194,"Second"
194,"Second"
194,"Second"
418,"First"
418,"First"
418,"First"
418,"First"
418,"First"
418,"First"
418,"First"
418,"First"
418,"First"
418,"First"
432,"Second"
432,"Second"
432,"Second"
432,"Second"
432,"Second"
432,"Second"
432,"Second"
432,"Second"
432,"Second"
432,"Second"
467,"First"
467,"First"
467,"First"
467,"First"
467,"First"
467,"First"
467,"First"
467,"First"
467,"First"
467,"First"
420,"Second"
420,"Second"
420,"Second"
420,"Second"
420,"Second"
420,"Second"
420,"Second"
420,"Second"
420,"Second"
420,"Second"
416,"First"
416,"First"
416,"First"
416,"First"
416,"First"
416,"First"
416,"First"
416,"First"
416,"First"
416,"First"
511,"Second"
511,"Second"
511,"Second"
511,"Second"
511,"Second"
511,"Second"
511,"Second"
511,"Second"
511,"Second"
511,"Second"
695,"First"
695,"First"
695,"First"
695,"First"
695,"First"
695,"First"
695,"First"
695,"First"
695,"First"
695,"First"
533,"Second"
533,"Second"
533,"Second"
533,"Second"
533,"Second"
533,"Second"
533,"Second"
533,"Second"
533,"Second"
533,"Second"
177,"First"
177,"First"
177,"First"
177,"First"
177,"First"
177,"First"
177,"First"
177,"First"
177,"First"
177,"First"
315,"Second"
315,"Second"
315,"Second"
315,"Second"
315,"Second"
315,"Second"
315,"Second"
315,"Second"
315,"Second"
315,"Second"
597,"First"
597,"First"
597,"First"
597,"First"
597,"First"
597,"First"
597,"First"
597,"First"
597,"First"
597,"First"
104,"Second"
104,"Second"
104,"Second"
104,"Second"
104,"Second"
104,"Second"
104,"Second"
104,"Second"
104,"Second"
104,"Second"
652,"First"
652,"First"
652,"First"
652,"First"
652,"First"
652,"First"
652,"First"
652,"First"
652,"First"
652,"First"
493,"Second"
493,"Second"
493,"Second"
493,"Second"
493,"Second"
493,"Second"
493,"Second"
493,"Second"
493,"Second"
493,"Second"
641,"First"
641,"First"
641,"First"
641,"First"
641,"First"
641,"First"
641,"First"
641,"First"
641,"First"
641,"First"
437,"First"
437,"First"
437,"First"
437,"First"
437,"First"
437,"First"
437,"First"
437,"First"
437,"First"
437,"First"
169,"Second"
169,"Second"
169,"Second"
169,"Second"
169,"Second"
169,"Second"
169,"Second"
169,"Second"
169,"Second"
169,"Second"
150,"First"
150,"First"
150,"First"
150,"First"
150,"First"
150,"First"
150,"First"
150,"First"
150,"First"
150,"First"
453,"Second"
453,"Second"
453,"Second"
453,"Second"
453,"Second"
453,"Second"
453,"Second"
453,"Second"
453,"Second"
453,"Second"
355,"First"
355,"First"
355,"First"
355,"First"
355,"First"
355,"First"
355,"First"
355,"First"
355,"First"
355,"First"
234,"Second"
234,"Second"
234,"Second"
234,"Second"
234,"Second"
234,"Second"
234,"Second"
234,"Second"
234,"Second"
234,"Second"
188,"First"
188,"First"
188,"First"
188,"First"
188,"First"
188,"First"
188,"First"
188,"First"
188,"First"
188,"First"
204,"Second"
204,"Second"
204,"Second"
204,"Second"
204,"Second"
204,"Second"
204,"Second"
204,"Second"
204,"Second"
204,"Second"
787,"First"
787,"First"
787,"First"
787,"First"
787,"First"
787,"First"
787,"First"
787,"First"
787,"First"
787,"First"
956,"Second"
956,"Second"
956,"Second"
956,"Second"
956,"Second"
956,"Second"
956,"Second"
956,"Second"
956,"Second"
956,"Second"
581,"Second"
581,"Second"
581,"Second"
581,"Second"
581,"Second"
581,"Second"
581,"Second"
581,"Second"
581,"Second"
581,"Second"
223,"First"
223,"First"
223,"First"
223,"First"
223,"First"
223,"First"
223,"First"
223,"First"
223,"First"
223,"First"
760,"First"
760,"First"
760,"First"
760,"First"
760,"First"
760,"First"
760,"First"
760,"First"
760,"First"
760,"First"
354,"Second"
354,"Second"
354,"Second"
354,"Second"
354,"Second"
354,"Second"
354,"Second"
354,"Second"
354,"Second"
354,"Second"
654,"First"
654,"First"
654,"First"
654,"First"
654,"First"
654,"First"
654,"First"
654,"First"
654,"First"
654,"First"
918,"Second"
918,"Second"
918,"Second"
918,"Second"
918,"Second"
918,"Second"
918,"Second"
918,"Second"
918,"Second"
918,"Second"
716,"First"
716,"First"
716,"First"
716,"First"
716,"First"
716,"First"
716,"First"
716,"First"
716,"First"
716,"First"
926,"Second"
926,"Second"
926,"Second"
926,"Second"
926,"Second"
926,"Second"
926,"Second"
926,"Second"
926,"Second"
926,"Second"
